"EFF_DATE","ARRIVAL_NAME","AMENDMENT_NO","ARTCC","STAR_AMEND_EFF_DATE","RNAV_FLAG","STAR_COMPUTER_CODE","SERVED_ARPT"
"2025/11/27","BLAID","TWO","ZLA","2024/01/25","N","AALAN.BLAID2","LAS"
"2025/11/27","AALLE","FOUR","ZDV","2025/06/12","Y","AALLE.AALLE4","DEN"
"2025/11/27","AARCH","TWO","ZKC","2017/08/17","Y","AARCH.AARCH2","STL"
"2025/11/27","AAVON","ONE","ZDV","2025/04/17","Y","AAVON.AAVON1","EGE HDN RIL"
"2025/11/27","ADYMS","THREE","ZSE","2022/01/27","Y","ADYMS.ADYMS3","TCM"
"2025/11/27","AGUDE","SIX","ZMP","2025/11/27","N","AGUDE.AGUDE6","21D ANE CFE FBL FCM GYL LVN MGG MIC OEO RNH SGS STP"
"2025/11/27","DNKIN","TWO","ZHU","2025/11/27","Y","AIRBL.DNKIN2","5C1 BAZ CVB PEZ RND SAT SKF SSF"
"2025/11/27","ALCRN","ONE","ZJX","2023/06/15","Y","ALCRN.ALCRN1","CRG JAX NIP NRB VQQ"
"2025/11/27","ALEXS","ONE","ZAU","2024/01/25","Y","ALEXS.ALEXS1","RFD"
"2025/11/27","FRDMM","SIX","ZDC","2024/05/16","Y","ALWYZ.FRDMM6","ADW DAA DCA"
"2025/11/27","ALYNA","FOUR","ZJX","2024/01/25","Y","ALYNA.ALYNA4","ISM LEE MCO ORL SFB"
"2025/11/27","NUMMY","THREE","ZDC","2019/06/20","N","AML.NUMMY3","ADW DAA DCA"
"2025/11/27","OLAAA","TWO","ZLA","2019/12/05","Y","AMMOR.OLAAA2","LAX"
"2025/11/27","SNSTT","TWO","ZLA","2018/02/01","Y","AMMOR.SNSTT2","LAX"
"2025/11/27","AMOTT","FOUR","ZAN","2018/03/29","Y","AMOTT.AMOTT4","ANC"
"2025/11/27","AMRVR","TWO","ZOA","2018/09/13","Y","AMRVR.AMRVR2","MHR"
"2025/11/27","AMYLU","THREE","ZJX","2020/11/05","Y","AMYLU.AMYLU3","CHS JZI"
"2025/11/27","ANAHO","TWO","ZOA","1996/02/29","N","ANAHO.ANAHO2","RNO"
"2025/11/27","DLAMP","EIGHT","ZID","2024/07/11","Y","ANCHR.DLAMP8","SDF"
"2025/11/27","ANJLL","FOUR","ZLA","2018/07/19","Y","ANJLL.ANJLL4","LAX"
"2025/11/27","BIGBR","THREE","ZLA","2018/05/24","Y","ANJLL.BIGBR3","LAX"
"2025/11/27","ANNEY","FIVE","ZMA","2025/08/07","N","ANNEY.ANNEY5","07FA HST MIA TMB X51"
"2025/11/27","DANEI","THREE","ZID","2019/10/10","N","APE.DANEI3","DAY FFO MGY MWO SGH"
"2025/11/27","EMMLN","ONE","ZLA","2022/11/03","N","APLES.EMMLN1","FUL HHR LGB SLI SNA"
"2025/11/27","ARKOE","ONE","ZLA","2012/04/05","N","ARKOE.ARKOE1","RIV"
"2025/11/27","ARLIN","FOUR","ZAB","2017/04/27","N","ARLIN.ARLIN4","CHD DVT FFZ IWA P19 PHX SDL"
"2025/11/27","ARRIE","NINE","ZSE","2024/12/26","N","ARRIE.ARRIE9","TCM"
"2025/11/27","AWDAD","ONE","ZHU","2017/12/07","N","AWDAD.AWDAD1","MSY NEW"
"2025/11/27","DEHAN","THREE","ZTL","2020/07/16","Y","AWSON.DEHAN3","6A2 CCO CTJ CVC D73 FFC FTY HMP LZU MGE PDK PUJ RYY VPC"
"2025/11/27","GIGGY","TWO","ZOB","2019/10/10","Y","AXXIS.GIGGY2","CYQG DET ONZ TTF"
"2025/11/27","OKLND","ONE","ZOB","2018/05/24","Y","AXXIS.OKLND1","ARB OZW PTK VLL YIP"
"2025/11/27","BAGGY","THREE","ZJX","2022/01/27","Y","BAGGY.BAGGY3","CHS JZI"
"2025/11/27","BAINY","THREE","ZMP","2017/01/05","Y","BAINY.BAINY3","MSP"
"2025/11/27","INOYI","ONE","ZHN","2020/01/30","Y","BAMBO.INOYI1","HNL"
"2025/11/27","BANGZ","TWO","ZMA","2025/04/17","Y","BANGZ.BANGZ2","CLW PIE SPG SRQ VNC"
"2025/11/27","BANKR","FIVE","ZTL","2024/05/16","Y","BANKR.BANKR5","CLT"
"2025/11/27","BARET","FIVE","ZLA","2015/01/08","N","BARET.BARET5","NZY SAN"
"2025/11/27","BASET","FIVE","ZLA","2017/12/07","N","BASET.BASET5","LAX"
"2025/11/27","VADDR","ONE","ZNY","2025/11/27","Y","BASYE.VADDR1","LGA"
"2025/11/27","BAUBB","THREE","ZLA","2024/12/26","Y","BAUBB.BAUBB3","LGB"
"2025/11/27","SUNSS","EIGHT","ZAB","2017/04/27","N","BAYBI.SUNSS8","CHD DVT FFZ GEU GYR IWA P19 SDL"
"2025/11/27","BAYST","ONE","ZLA","2018/05/24","Y","BAYST.BAYST1","LAX"
"2025/11/27","BAYYY","FIVE","ZHU","2023/04/20","Y","BAYYY.BAYYY5","HOU"
"2025/11/27","PUCKS","FOUR","ZHU","2021/09/09","Y","BAYYY.PUCKS4","HOU"
"2025/11/27","SOULL","ONE","ZHU","2015/01/08","Y","BAYYY.SOULL1","IAH"
"2025/11/27","BAZBL","ONE","ZHU","2024/10/31","Y","BAZBL.BAZBL1","6R3 CXO DWH IAH T78"
"2025/11/27","BEAHR","THREE","ZAB","2014/04/03","Y","BEAHR.BEAHR3","ELP"
"2025/11/27","BEANO","THREE","ZSU","2010/11/11","Y","BEANO.BEANO3","SJU"
"2025/11/27","BEARR","FIVE","ZLC","2017/10/12","N","BEARR.BEARR5","SLC"
"2025/11/27","SKEES","SIX","ZLC","2025/02/20","Y","BEARR.SKEES6","SLC"
"2025/11/27","BELLR","SIX","ZHU","2024/10/31","Y","BELLR.BELLR6","HOU"
"2025/11/27","TSHRT","TWO","ZHU","2022/11/03","N","BELLR.TSHRT2","54T AXH EFD GLS HOU HPY IWS LBX LVJ SGR T00 T41 TME"
"2025/11/27","BENKY","SIX","ZAU","2020/11/05","Y","BENKY.BENKY6","ORD"
"2025/11/27","BEREE","THREE","ZFW","2024/07/11","Y","BEREE.BEREE3","DFW"
"2025/11/27","WHINY","FOUR","ZFW","2016/05/26","Y","BEREE.WHINY4","DFW"
"2025/11/27","BEWTE","FOUR","ZLC","2022/07/14","Y","BEWTE.BEWTE4","BOI"
"2025/11/27","BGHRN","THREE","ZLC","2018/09/13","Y","BGHRN.BGHRN3","BIL"
"2025/11/27","BGMAN","ONE","ZLC","2024/07/11","Y","BGMAN.BGMAN1","BZN"
"2025/11/27","BHHIA","THREE","ZMA","2022/11/03","Y","BHHIA.BHHIA3","FLL FXE OPF PMP"
"2025/11/27","SUBKY","ONE","ZLC","2024/07/11","Y","BIL.SUBKY1","BZN"
"2025/11/27","DEALE","THREE","ZDC","2018/03/29","Y","BILIT.DEALE3","DCA"
"2025/11/27","BITHO","SEVEN","ZJX","2014/05/29","N","BITHO.BITHO7","COF COI ISM MCO MLB TIX TTS XMR"
"2025/11/27","BLEWE","FIVE","ZHU","2023/02/23","N","BLEWE.BLEWE5","3R9 AUS EDC HYI RYW T74"
"2025/11/27","BLFRG","THREE","ZMA","2025/02/20","Y","BLFRG.BLFRG3","CLW MCF PIE SPG TPA"
"2025/11/27","BLYTHE","FIVE","ZAB","2017/04/27","N","BLH.BLH5","CHD DVT FFZ IWA P19 PHX SDL"
"2025/11/27","BLOCC","TWO","ZTL","2018/05/24","N","BLOCC.BLOCC2","GSO INT"
"2025/11/27","BLOGS","THREE","ZDC","2021/02/25","Y","BLOGS.BLOGS3","RDU"
"2025/11/27","SNDAY","ONE","ZHU","2024/10/31","Y","BLUBL.SNDAY1","54T AXH EFD GLS HOU HPY IWS LBX LVJ SGR T00 T41 TME"
"2025/11/27","BLUEM","FOUR","ZMP","2021/03/25","Y","BLUEM.BLUEM4","MSP"
"2025/11/27","BLUZZ","FIVE","ZME","2024/10/31","Y","BLUZZ.BLUZZ5","MEM"
"2025/11/27","BMBER","ONE","ZOA","2019/12/05","Y","BMBER.BMBER1","CCR SUU"
"2025/11/27","BNFSH","THREE","ZMA","2025/05/15","Y","BNFSH.BNFSH3","07FA HST MIA TMB X51"
"2025/11/27","CAVLR","SIX","ZDC","2024/07/11","Y","BNTLY.CAVLR6","IAD"
"2025/11/27","BOEGY","TWO","ZLA","2022/01/27","Y","BOEGY.BOEGY2","HND"
"2025/11/27","WYLND","ONE","ZLA","2021/02/25","Y","BOEGY.WYLND1","VGT"
"2025/11/27","BOGET","TWO","ZLA","2018/07/19","Y","BOGET.BOGET2","LAX SMO"
"2025/11/27","BOKRT","THREE","ZTL","2020/07/16","Y","BOKRT.BOKRT3","CNI FTY GVL LZU MGE PDK PUJ RYY VPC"
"2025/11/27","BONZZ","TWO","ZOB","2019/10/10","Y","BONZZ.BONZZ2","DTW"
"2025/11/27","KLYNK","THREE","ZOB","2019/10/10","Y","BONZZ.KLYNK3","DTW"
"2025/11/27","BOOKE","EIGHT","ZHN","2014/02/06","N","BOOKE.BOOKE8","HNL"
"2025/11/27","BOOSH","THREE","ZKC","2020/07/16","Y","BOOSH.BOOSH3","STL"
"2025/11/27","BOOVE","SEVEN","ZFW","2024/07/11","Y","BOOVE.BOOVE7","DFW"
"2025/11/27","SHMPP","THREE","ZFW","2024/07/11","Y","BOOVE.SHMPP3","DFW"
"2025/11/27","SOCKK","FOUR","ZFW","2021/04/22","Y","BOOVE.SOCKK4","DFW"
"2025/11/27","ZROBA","ONE","ZFW","2020/03/26","Y","BOOVE.ZROBA1","DFW"
"2025/11/27","BOUNO","FIVE","ZNY","2023/11/30","N","BOUNO.BOUNO5","HPN"
"2025/11/27","BRAYMER","EIGHT","ZKC","2023/04/20","N","BQS.BQS8","FLV GPH IXD LXT MCI MKC OJC STJ"
"2025/11/27","BRADE","SIX","ZDC","2018/05/24","N","BRADE.BRADE6","RDU"
"2025/11/27","BRBBQ","THREE","ZME","2018/02/01","Y","BRBBQ.BRBBQ3","MEM"
"2025/11/27","BRIXX","FOUR","ZOA","2024/03/21","Y","BRIXX.BRIXX4","NUQ SJC"
"2025/11/27","REBAS","ONE","ZOA","2024/07/11","Y","BRIXX.REBAS1","APC DVO HES O69 STS"
"2025/11/27","AANDY","TWO","ZMP","2022/11/03","Y","BRKSR.AANDY2","OFF OMA"
"2025/11/27","BRNKO","FOUR","ZDV","2025/04/17","Y","BRNKO.BRNKO4","APA BJC FNL GXY LMO"
"2025/11/27","GRUUB","ONE","ZAN","2018/11/08","Y","BRODE.GRUUB1","EDF"
"2025/11/27","BROOK","FOUR","ZTL","2020/05/21","N","BROOK.BROOK4","GSO INT"
"2025/11/27","BRRTO","ONE","ZAB","2021/12/02","Y","BRRTO.BRRTO1","ABQ"
"2025/11/27","BRWNZ","FOUR","ZOB","2021/04/22","Y","BRWNZ.BRWNZ4","1G3 AKR BKL CAK CGF CLE LNN LPR"
"2025/11/27","BIG SUR","THREE","ZOA","2016/09/15","N","BSR.BSR3","SFO"
"2025/11/27","BTSEY","TWO","ZTL","2016/03/31","N","BTSEY.BTSEY2","CLT"
"2025/11/27","ANTHM","FIVE","ZDC","2024/12/26","Y","BUBBI.ANTHM5","BWI MTN"
"2025/11/27","CBUSS","TWO","ZID","2021/12/02","Y","BUGZZ.CBUSS2","CMH LCK OSU TZR"
"2025/11/27","CAPSS","THREE","ZDC","2018/03/29","Y","BULII.CAPSS3","DCA"
"2025/11/27","BUNTR","THREE","ZAB","2017/01/05","N","BUNTR.BUNTR3","PHX"
"2025/11/27","BUUDD","THREE","ZKC","2018/11/08","Y","BUUDD.BUUDD3","BLV CPS SUS"
"2025/11/27","BUZZY","ONE","ZDC","2021/02/25","N","BUZZY.BUZZY1","RDU"
"2025/11/27","BONNEVILLE","TWO","ZLC","2016/03/31","N","BVL.BVL2","SLC"
"2025/11/27","CAINE","TWO","ZFW","2015/06/25","Y","CAINE.CAINE2","DFW"
"2025/11/27","DAWGZ","TWO","ZFW","2015/06/25","Y","CAINE.DAWGZ2","DFW"
"2025/11/27","CAMET","THREE","ZFW","2017/12/07","Y","CAMET.CAMET3","OKC"
"2025/11/27","DAWKS","ONE","ZFW","2014/07/24","Y","CAMET.DAWKS1","OUN PWA TIK"
"2025/11/27","CAMPS","FOUR","ZHN","2023/10/05","N","CAMPS.CAMPS4","OGG"
"2025/11/27","STELA","ONE","ZBW","2025/11/27","Y","CANAN.STELA1","BAF BDL CEF HFD ORH"
"2025/11/27","RAVNN","EIGHT","ZDC","2025/04/17","Y","CAPKO.RAVNN8","BWI MTN"
"2025/11/27","CARTR","ONE","ZLC","2025/02/20","Y","CARTR.CARTR1","SLC"
"2025/11/27","NOBBI","ONE","ZNY","2025/11/27","Y","CASSH.NOBBI1","DXR HPN LGA"
"2025/11/27","LIBER","FIVE","ZAN","2023/10/05","Y","CAWIN.LIBER5","FAI"
"2025/11/27","CONCORD","TWO","ZOA","2012/11/15","N","CCR.CCR2","SMF"
"2025/11/27","CDOGG","FOUR","ZBW","2021/06/17","Y","CDOGG.CDOGG4","PWM"
"2025/11/27","CEGRM","SEVEN","ZID","2025/06/12","Y","CEGRM.CEGRM7","CVG"
"2025/11/27","CESAN","FOUR","ZHU","2017/06/22","Y","CESAN.CESAN4","54T ARM AXH BYY CXO EFD GLS HOU HPY IWS LBX LVJ SGR T00 T41"
"2025/11/27","CHAKA","FOUR","ZSU","2011/01/13","Y","CHAKA.CHAKA4","SJU"
"2025/11/27","CHINS","FIVE","ZSE","2022/09/08","N","CHINS.CHINS5","BFI PAE RNT SEA"
"2025/11/27","CHOWW","FOUR","ZLA","2025/08/07","Y","CHOWW.CHOWW4","LAS"
"2025/11/27","CHPPR","ONE","ZTL","2017/10/12","Y","CHPPR.CHPPR1","ATL"
"2025/11/27","CHSLY","SIX","ZTL","2024/05/16","Y","CHSLY.CHSLY6","CLT"
"2025/11/27","CHSNE","THREE","ZME","2025/10/02","Y","CHSNE.CHSNE3","BNA"
"2025/11/27","CLANG","SEVEN","ZID","2017/04/27","N","CLANG.CLANG7","EYE IND MQJ"
"2025/11/27","CLASH","FIVE","ZDV","2025/06/12","Y","CLASH.CLASH5","DEN"
"2025/11/27","CLIPR","THREE","ZDC","2023/08/10","Y","CLIPR.CLIPR3","DCA"
"2025/11/27","CLMNT","TWO","ZMA","2022/05/19","Y","CLMNT.CLMNT2","06FA BCT F45 PBI"
"2025/11/27","CLOWD","ONE","ZLA","2005/05/12","N","CLOWD.CLOWD1","PSP TRM UDD"
"2025/11/27","CLPRR","THREE","ZID","2024/12/26","Y","CLPRR.CLPRR3","CMH LCK OSU TZR"
"2025/11/27","COATT","FIVE","ZDC","2017/12/07","N","COATT.COATT5","IAD"
"2025/11/27","LEDDL","ONE","ZID","2024/07/11","Y","COBBZ.LEDDL1","JVY LOU SDF"
"2025/11/27","COKTL","FOUR","ZLA","2024/10/31","Y","COKTL.COKTL4","LAS"
"2025/11/27","COLTR","FOUR","ZAB","2021/12/02","Y","COLTR.COLTR4","ABQ"
"2025/11/27","COMIX","TWO","ZLA","2018/05/24","Y","COMIX.COMIX2","SAN"
"2025/11/27","CONDR","FOUR","ZME","2024/10/31","Y","CONDR.CONDR4","MEM"
"2025/11/27","COYOT","FIVE","ZAB","2020/07/16","N","COYOT.COYOT5","PHX"
"2025/11/27","CPTAN","THREE","ZMA","2024/01/25","Y","CPTAN.CPTAN3","06FA BCT FXE PBI PMP"
"2025/11/27","CEDAR CREEK","THREE","ZFW","2024/07/11","N","CQY.CQY3","DFW"
"2025/11/27","CRAKN","TWO","ZOB","2019/10/10","Y","CRAKN.CRAKN2","DTW"
"2025/11/27","HTROD","TWO","ZOB","2019/10/10","Y","CRAKN.HTROD2","DTW"
"2025/11/27","CRAZI","FOUR","ZLC","2023/04/20","Y","CRAZI.CRAZI4","BIL"
"2025/11/27","POWDA","ONE","ZLC","2024/07/11","Y","CREKK.POWDA1","BZN"
"2025/11/27","CRESO","FIVE","ZLA","2022/01/27","N","CRESO.CRESO5","LAS"
"2025/11/27","CRVZA","TWO","ZHU","2025/11/27","Y","CRVZA.CRVZA2","5C1 BAZ CVB PEZ RND SAT SKF SSF"
"2025/11/27","CENTERPOINT","THREE","ZHU","2025/08/07","N","CSI.CSI3","RND SAT SKF SSF"
"2025/11/27","CSTAL","THREE","ZMA","2025/06/12","Y","CSTAL.CSTAL3","07FA HST MIA TMB X51"
"2025/11/27","CURLY","THREE","ZAB","2017/03/02","N","CURLY.CURLY3","ABQ AEG"
"2025/11/27","JESEY","FIVE","ZOB","2024/12/26","Y","CUTTA.JESEY5","PIT"
"2025/11/27","CUUDA","THREE","ZMA","2024/01/25","Y","CUUDA.CUUDA3","FLL OPF"
"2025/11/27","CUURT","ONE","ZMA","2023/06/15","Y","CUURT.CUURT1","OPF"
"2025/11/27","DADES","TWO","ZMA","2025/04/17","Y","DADES.DADES2","CLW MCF PIE SPG TPA TPF VDF"
"2025/11/27","DANDD","ONE","ZDV","2020/01/30","N","DANDD.DANDD1","APA BJC BKF CFO DEN FNL GXY"
"2025/11/27","DAWGG","TWO","ZME","2014/05/29","N","DAWGG.DAWGG2","MEM"
"2025/11/27","DEEPO","TWO","ZBW","2025/04/17","Y","DEEPO.DEEPO2","ACK"
"2025/11/27","DEKAL","NINE","ZMA","2024/12/26","N","DEKAL.DEKAL9","FLL FXE HWO OPF PMP"
"2025/11/27","DELMA","FOUR","ZKC","2018/11/08","Y","DELMA.DELMA4","ALN BLV CPS SUS"
"2025/11/27","DELRO","FIVE","ZDC","2019/02/28","N","DELRO.DELRO5","IAD"
"2025/11/27","DINGO","SIX","ZAB","2023/11/30","N","DINGO.DINGO6","TUS"
"2025/11/27","DIRBY","TWO","ZLA","2024/12/26","Y","DIRBY.DIRBY2","LAX"
"2025/11/27","DIRTT","TWO","ZKC","2017/03/02","Y","DIRTT.DIRTT2","SUS"
"2025/11/27","DIXEE","THREE","ZKC","2017/03/02","Y","DIXEE.DIXEE3","BLV CPS"
"2025/11/27","CABBY","TWO","ZFW","2015/06/25","Y","DODJE.CABBY2","DFW"
"2025/11/27","DODJE","SIX","ZFW","2020/05/21","N","DODJE.DODJE6","AFW DTO FTW FWS GKY GPM JWY LNC LUD NFW RBD"
"2025/11/27","FORNY","THREE","ZFW","2021/06/17","Y","DODJE.FORNY3","DFW"
"2025/11/27","REEKO","THREE","ZFW","2016/05/26","Y","DODJE.REEKO3","50F AFW CPT DTO FTW FWS GKY GPM JWY LNC LUD NFW RBD WEA"
"2025/11/27","DOOBI","THREE","ZHU","2025/06/12","Y","DOOBI.DOOBI3","IAH"
"2025/11/27","SKNRD","FIVE","ZHU","2025/06/12","Y","DOOBI.SKNRD5","IAH"
"2025/11/27","PHLBO","FOUR","ZNY","2023/04/20","Y","DQO.PHLBO4","EWR"
"2025/11/27","DRONE","TWO","ZDC","2018/05/24","N","DRONE.DRONE2","CPK FAF LFI NGU ORF PHF PVG"
"2025/11/27","DSERT","TWO","ZAB","2014/11/13","Y","DSERT.DSERT2","CHD DVT FFZ GEU GYR IWA PHX SDL"
"2025/11/27","DSNEE","SIX","ZLA","2024/09/05","Y","DSNEE.DSNEE6","LGB SNA"
"2025/11/27","HAREI","ONE","ZDV","2025/04/17","Y","DUMBR.HAREI1","ASE RIL"
"2025/11/27","DUNNN","SIX","ZDV","2025/04/17","Y","DUNNN.DUNNN6","APA BJC"
"2025/11/27","DUUUK","FOUR","ZHU","2025/08/07","N","DUUUK.DUUUK4","IAH"
"2025/11/27","DVALL","FOUR","ZMA","2024/09/05","N","DVALL.DVALL4","FLL FXE HST MIA OPF PMP TMB"
"2025/11/27","DXEEE","THREE","ZHU","2022/07/14","Y","DXEEE.DXEEE3","AUS"
"2025/11/27","ALWYS","THREE","ZOA","2024/07/11","Y","DYAMD.ALWYS3","SFO"
"2025/11/27","DYAMD","FIVE","ZOA","2019/01/03","Y","DYAMD.DYAMD5","SFO"
"2025/11/27","SHLAE","ONE","ZHN","2020/01/30","Y","DYLLI.SHLAE1","HNL"
"2025/11/27","EAGUL","SIX","ZAB","2014/09/18","Y","EAGUL.EAGUL6","PHX"
"2025/11/27","EATZZ","ONE","ZLC","2024/07/11","Y","EATZZ.EATZZ1","BZN"
"2025/11/27","EAU CLAIRE","NINE","ZMP","2013/01/10","N","EAU.EAU9","MSP"
"2025/11/27","VAAIL","ONE","ZDV","2025/04/17","Y","ELDRA.VAAIL1","EGE"
"2025/11/27","ELLAM","FIVE","ZAN","2015/10/15","N","ELLAM.ELLAM5","ANC"
"2025/11/27","ELLENSBURG","FOUR","ZSE","2022/01/27","Y","ELN.ELN4","TCM"
"2025/11/27","EMMAS","ONE","ZAU","2024/01/25","Y","EMMAS.EMMAS1","RFD"
"2025/11/27","EMZOH","FOUR","ZOA","2025/06/12","Y","EMZOH.EMZOH4","HWD OAK"
"2025/11/27","ENCEE","THREE","ZMP","2023/08/10","Y","ENCEE.ENCEE3","ANE FCM LVN MIC STP"
"2025/11/27","ENDEE","EIGHT","ZAU","2025/08/07","Y","ENDEE.ENDEE8","MDW"
"2025/11/27","CENTRALIA","TWO","ZKC","2013/08/22","Y","ENL.ENL2","BLV"
"2025/11/27","ARLFT","TWO","ZDC ZNY","2021/08/12","Y","ENO.ARLFT2","33N DOV ILG"
"2025/11/27","PROUD","TWO","ZNY","2024/01/25","Y","ENO.PROUD2","LGA"
"2025/11/27","ERNNY","EIGHT","ZAU","2023/04/20","Y","ERNNY.ERNNY8","ORD"
"2025/11/27","ESSPO","FIVE","ZAU","2020/11/05","Y","ESSPO.ESSPO5","ORD"
"2025/11/27","PAATS","FOUR","ZNY","2023/04/20","Y","ESSSO.PAATS4","MQS PHL PNE TTN"
"2025/11/27","DMSTR","TWO","ZDC","2024/03/21","Y","ETBUY.DMSTR2","RDU"
"2025/11/27","OOSHN","FIVE","ZBW","2017/10/12","Y","EURRO.OOSHN5","BOS"
"2025/11/27","FALCO","FIVE","ZAN","2012/05/31","N","FALCO.FALCO5","EIL"
"2025/11/27","FARMR","THREE","ZKC","2017/03/02","Y","FARMR.FARMR3","ALN BLV CPS"
"2025/11/27","FASTO","TWO","ZLA","2017/01/05","N","FASTO.FASTO2","BFL"
"2025/11/27","FERNANDO","SEVEN","ZLA","2016/11/10","N","FIM.FERN7","BUR SMO VNY"
"2025/11/27","MOORPARK","FOUR","ZLA","2016/09/15","N","FIM.MOOR4","LAX"
"2025/11/27","CRIKT","ONE","ZFW","2016/03/31","Y","FINGR.CRIKT1","DAL"
"2025/11/27","FINGR","ONE","ZFW","2025/11/27","N","FINGR.FINGR1","ADS DAL DFW F41 F46 HQZ JWY LNC RBD TKI"
"2025/11/27","HIBIL","THREE","ZFW","2016/03/31","Y","FINGR.HIBIL3","DAL"
"2025/11/27","SLANT","THREE","ZFW","2016/03/31","Y","FINGR.SLANT3","ADS F41 F46 HQZ JWY LNC RBD TKI"
"2025/11/27","FISSK","SEVEN","ZAU","2025/06/12","Y","FISSK.FISSK7","MDW"
"2025/11/27","FLATI","FIVE","ZDV","2025/06/12","Y","FLATI.FLATI5","DEN"
"2025/11/27","FLCHR","ONE","ZLA","2021/02/25","Y","FLCHR.FLCHR1","VGT"
"2025/11/27","STOCR","FOUR","ZTL","2024/05/16","Y","FLLGG.STOCR4","CLT"
"2025/11/27","FLOSI","FOUR","ZNY","2019/12/05","Y","FLOSI.FLOSI4","EWR"
"2025/11/27","FNLEE","ONE","ZAU","2024/01/25","Y","FNLEE.FNLEE1","RFD"
"2025/11/27","FNTSY","ONE","ZMA","2024/10/31","Y","FNTSY.FNTSY1","EYW NQX"
"2025/11/27","FOREY","TWO","ZOB","2019/10/10","Y","FOREY.FOREY2","ARB CYQG DET FNT MTC ONZ OZW PTK TTF VLL YIP"
"2025/11/27","FORTL","NINE","ZMA","2021/12/02","N","FORTL.FORTL9","FLL FXE HWO OPF PMP"
"2025/11/27","FOWEE","TWO","ZMA","2021/12/02","N","FOWEE.FOWEE2","07FA HST MIA TMB X51"
"2025/11/27","WILLIAMSPORT","THREE","ZNY","2012/05/31","N","FQM.FQM3","EWR"
"2025/11/27","FRIHO","FOUR","ZAB","2006/04/13","N","FRIHO.FRIHO4","ABQ AEG"
"2025/11/27","FRLON","TWO","ZOA","2016/07/21","Y","FRLON.FRLON2","SJC"
"2025/11/27","FROGZ","FOUR","ZMA","2023/06/15","Y","FROGZ.FROGZ4","07FA HST MIA TMB X51"
"2025/11/27","DEBERRY","FIVE","ZDV","2022/07/14","N","FSHER.DBRY5","COS"
"2025/11/27","KUSTR","THREE","ZLC","2018/09/13","Y","FSYTH.KUSTR3","BIL"
"2025/11/27","FYTTE","SEVEN","ZAU","2021/06/17","Y","FYTTE.FYTTE7","ORD"
"2025/11/27","GABOO","ONE","ZHU","2020/07/16","Y","GABOO.GABOO1","3R9 HYI RYW T74"
"2025/11/27","SEWZY","SIX","ZHU","2021/04/22","Y","GABOO.SEWZY6","AUS"
"2025/11/27","DREEM","THREE","ZBW","2025/11/27","Y","GASSE.DREEM3","BED BVY LWM"
"2025/11/27","GAVNN","SEVEN","ZID","2024/03/21","Y","GAVNN.GAVNN7","CVG"
"2025/11/27","GOPHER","ONE","ZMP","2017/08/17","N","GEP.GEP1","ANE FCM LVN MIC MSP STP"
"2025/11/27","CCASH","ONE","ZFW","2014/07/24","Y","GHOST.CCASH1","OUN PWA TIK"
"2025/11/27","GHOST","THREE","ZFW","2017/12/07","Y","GHOST.GHOST3","OKC"
"2025/11/27","GIBBZ","FIVE","ZDC","2024/03/21","Y","GIBBZ.GIBBZ5","HEF IAD JYO"
"2025/11/27","GIIBS","FOUR","ZID","2024/07/11","Y","GIIBS.GIIBS4","IND"
"2025/11/27","GLASR","THREE","ZSE","2024/01/25","N","GLASR.GLASR3","BFI RNT SEA TCM"
"2025/11/27","GLAVN","TWO","ZTL","2025/11/27","Y","GLAVN.GLAVN2","ATL"
"2025/11/27","HTOWN","THREE","ZHU","2023/10/05","Y","GMANN.HTOWN3","IAH"
"2025/11/27","TEJAS","FIVE","ZHU","2023/10/05","Y","GMANN.TEJAS5","IAH"
"2025/11/27","GNDLF","THREE","ZTL","2025/11/27","Y","GNDLF.GNDLF3","ATL"
"2025/11/27","GOATZ","TWO","ZLA","2024/12/26","Y","GOATZ.GOATZ2","LAX"
"2025/11/27","KARLB","THREE","ZLA","2023/04/20","Y","GOATZ.KARLB3","ONT"
"2025/11/27","GOPAC","THREE","ZAU","2023/06/15","Y","GOPAC.GOPAC3","57C BUU ENW ETB HXF MKE MWC PWK RAC UES UGN"
"2025/11/27","HAYNZ","SEVEN","ZOB","2021/02/25","Y","GRACE.HAYNZ7","PIT"
"2025/11/27","GRAYM","SIX","ZBW","2018/11/08","N","GRAYM.GRAYM6","BED BVY FIT LWM"
"2025/11/27","GRAYT","TWO","ZOB","2019/10/10","Y","GRAYT.GRAYT2","DTW"
"2025/11/27","LAYKS","TWO","ZOB","2019/10/10","Y","GRAYT.LAYKS2","DTW"
"2025/11/27","GIBBI","TWO","ZFW","2015/06/25","Y","GREGS.GIBBI2","DFW"
"2025/11/27","GREGS","ONE","ZFW","2022/06/16","N","GREGS.GREGS1","ADS DAL DTO F41 F46 HQZ JWY LNC RBD TKI"
"2025/11/27","HERBZ","TWO","ZFW","2025/05/15","Y","GREGS.HERBZ2","ADS DAL DTO F41 F46 HQZ JWY LNC RBD TKI"
"2025/11/27","JFRYE","FIVE","ZFW","2022/07/14","Y","GREGS.JFRYE5","ADS DAL DTO F41 F46 HQZ JWY LNC RBD TKI"
"2025/11/27","SHAAM","TWO","ZFW","2015/06/25","Y","GREGS.SHAAM2","DFW"
"2025/11/27","GRNCH","FIVE","ZJX","2023/10/05","Y","GRNCH.GRNCH5","MCO"
"2025/11/27","GTOUT","ONE","ZJX","2022/05/19","Y","GTOUT.GTOUT1","MCO"
"2025/11/27","GUERA","TWO","ZLA","2018/07/19","Y","GUERA.GUERA2","CMA NTD OXR"
"2025/11/27","GULLI","THREE","ZFW","2022/05/19","N","GULLI.GULLI3","1K4 CHK GOK HSD OKC OUN PWA RCE RQO SNL TIK"
"2025/11/27","HANBL","THREE","ZOB","2019/12/05","Y","HANBL.HANBL3","DTW"
"2025/11/27","LECTR","THREE","ZOB","2019/10/10","Y","HANBL.LECTR3","DTW"
"2025/11/27","BOJID","FOUR","ZNY","2023/10/05","Y","HAR.BOJID4","PHL"
"2025/11/27","BUNTS","THREE","ZNY","2023/10/05","N","HAR.BUNTS3","ILG MQS PHL PNE TTN"
"2025/11/27","HARRISBURG","FIVE","ZNY","2018/07/19","N","HAR.HAR5","WRI"
"2025/11/27","EELZA","FOUR","ZOA","2024/01/25","Y","HARTT.EELZA4","RNO"
"2025/11/27","HAWKZ","EIGHT","ZSE","2024/09/05","Y","HAWKZ.HAWKZ8","SEA"
"2025/11/27","HAYLL","THREE","ZOB","2019/10/10","Y","HAYLL.HAYLL3","DTW"
"2025/11/27","VCTRZ","TWO","ZOB","2019/10/10","Y","HAYLL.VCTRZ2","DTW"
"2025/11/27","HEDEE","ONE","ZID","2025/08/07","Y","HEDEE.HEDEE1","HAO I69 LUK"
"2025/11/27","HELNS","SIX","ZSE","2018/03/29","N","HELNS.HELNS6","HIO PDX TTD UAO"
"2025/11/27","HENBY","ONE","ZTL","2025/10/02","Y","HENBY.HENBY1","GSO INT"
"2025/11/27","OZZZY","FIVE","ZDV","2021/12/02","Y","HGO.OZZZY5","COS"
"2025/11/27","HHOOD","FIVE","ZSE","2024/10/31","Y","HHOOD.HHOOD5","PDX"
"2025/11/27","HILIE","THREE","ZSE","2023/06/15","N","HILIE.HILIE3","GEG SFF SKA"
"2025/11/27","TIMMO","ONE","ZMP","2022/01/27","Y","HILRS.TIMMO1","OFF OMA"
"2025/11/27","BUKHD","THREE","ZTL","2020/07/16","Y","HLNDS.BUKHD3","6A2 CCO CVC D73 FFC FTY HMP LZU MGE PDK PUJ RYY VPC"
"2025/11/27","BRUEN","TWO","ZLA","2017/10/12","Y","HLYWD.BRUEN2","LAX"
"2025/11/27","HLYWD","ONE","ZLA","2017/03/02","Y","HLYWD.HLYWD1","LAX"
"2025/11/27","HOBRK","FOUR","ZME","2024/10/31","Y","HOBRK.HOBRK4","MEM"
"2025/11/27","HOBTT","THREE","ZTL","2025/11/27","Y","HOBTT.HOBTT3","ATL"
"2025/11/27","HOTAR","ONE","ZJX","2013/10/17","Y","HOTAR.HOTAR1","CRG JAX NIP NRB SGJ VQQ"
"2025/11/27","HOWRY","THREE","ZMP","2023/04/20","N","HOWRY.HOWRY3","OFF OMA"
"2025/11/27","HSKNS","ONE","ZAB","2014/04/03","Y","HSKNS.HSKNS1","ELP"
"2025/11/27","HUBRD","ONE","ZLA","2000/10/05","N","HUBRD.HUBRD1","SAN"
"2025/11/27","HUDZY","FIVE","ZHU","2025/06/12","N","HUDZY.HUDZY5","54T 6R3 AXH CXO DWH EFD GLS HOU HPY IAH IWS LBX LVJ SGR T00 T41 T78 TME"
"2025/11/27","HUULL","TWO","ZLA","2018/05/24","Y","HUULL.HUULL2","LAX"
"2025/11/27","HUUTY","ONE","ZAB","2012/05/31","Y","HUUTY.HUUTY1","CHD FFZ IWA"
"2025/11/27","HUUVR","ONE","ZOB","2018/05/24","Y","HUUVR.HUUVR1","1G3 AKR CAK"
"2025/11/27","HYDRR","ONE","ZAB","2014/09/18","Y","HYDRR.HYDRR1","PHX"
"2025/11/27","HYTHR","THREE","ZME","2023/11/30","Y","HYTHR.HYTHR3","MEM"
"2025/11/27","KINGSTON","ONE","ZNY","2013/10/17","N","IGN.IGN1","FRG JFK"
"2025/11/27","IRNMN","TWO","ZLA","2018/05/24","Y","IRNMN.IRNMN2","HHR LAX"
"2025/11/27","IRONS","SEVEN","ZDC","2016/09/15","N","IRONS.IRONS7","DCA"
"2025/11/27","IVINS","TWO","ZLA","2025/02/20","Y","IVINS.IVINS2","VNY"
"2025/11/27","JAFAR","THREE","ZJX","2022/05/19","Y","JAFAR.JAFAR3","ISM MCO ORL"
"2025/11/27","JAIKE","FOUR","ZNY","2023/04/20","Y","JAIKE.JAIKE4","47N CDW LDJ MMU SMQ TEB"
"2025/11/27","JAKIE","SIX","ZID","2024/03/21","Y","JAKIE.JAKIE6","CVG"
"2025/11/27","JAKKS","TWO","ZID","2016/11/10","Y","JAKKS.JAKKS2","IND"
"2025/11/27","JAKTZ","TWO","ZID","2023/02/23","Y","JAKTZ.JAKTZ2","CMH LCK OSU"
"2025/11/27","LIINN","THREE","ZTL","2018/11/08","N","JALIT.LIINN3","AFP AKH CLT DCM EHO EQY IPJ LKR N52 UZA"
"2025/11/27","JAMMN","FIVE","ZLC","2017/08/17","N","JAMMN.JAMMN5","SLC"
"2025/11/27","JANNY","FIVE","ZLA","2018/07/19","Y","JANNY.JANNY5","BUR VNY"
"2025/11/27","JAWBN","SEVEN","ZSE","2024/12/26","N","JAWBN.JAWBN7","BFI SEA TCM"
"2025/11/27","JAYSN","THREE","ZLA","2024/10/31","Y","JAYSN.JAYSN3","LAS"
"2025/11/27","JCKIE","TWO","ZLA","2019/12/05","Y","JCKIE.JCKIE2","ONT"
"2025/11/27","JESSE","THREE","ZAB","2021/12/02","N","JESSE.JESSE3","PHX"
"2025/11/27","JESTR","ONE","ZMA","2022/05/19","Y","JESTR.JESTR1","BCT F45 FXE LNA PBI PMP"
"2025/11/27","JFUND","TWO","ZBW","2017/10/12","Y","JFUND.JFUND2","BOS"
"2025/11/27","JHAUN","ONE","ZKC","2012/11/15","Y","JHAUN.JHAUN1","SUS"
"2025/11/27","JHAWK","EIGHT","ZKC","2024/05/16","N","JHAWK.JHAWK8","FLV GPH IXD LXT MCI MKC OJC STJ"
"2025/11/27","JIIMS","FOUR","ZNY","2023/04/20","Y","JIIMS.JIIMS4","ILG MQS PHL PNE TTN"
"2025/11/27","MBELL","FIVE","ZID","2024/07/11","Y","JIINN.MBELL5","JVY LOU SDF"
"2025/11/27","JINXX","ONE","ZAN","2018/11/08","Y","JINXX.JINXX1","EDF"
"2025/11/27","JJEDI","FOUR","ZTL","2025/11/27","Y","JJEDI.JJEDI4","ATL"
"2025/11/27","FILPZ","FOUR","ZTL","2024/05/16","Y","JJENY.FILPZ4","CLT"
"2025/11/27","OCEAN","THREE","ZLA","2017/03/02","N","JLI.OCEAN3","LAX"
"2025/11/27","JMONY","TWO","ZID","2025/02/20","Y","JMONY.JMONY2","JVY LOU SDF"
"2025/11/27","WIGOL","THREE","ZDC","2024/03/21","Y","JOANZ.WIGOL3","IAD"
"2025/11/27","JOKRS","THREE","ZJX","2022/05/19","Y","JOKRS.JOKRS3","ISM LEE MCO MLB ORL SFB"
"2025/11/27","JONZE","FIVE","ZTL","2024/05/16","Y","JONZE.JONZE5","CLT"
"2025/11/27","JOOLS","ONE","ZTL","2023/06/15","Y","JOOLS.JOOLS1","AFP AKH CLT DCM EHO EQY IPJ JQF LKR N52 RUQ UZA VUJ"
"2025/11/27","JORDN","TWO","ZBW","2006/06/08","Y","JORDN.JORDN2","PVD"
"2025/11/27","JOSHE","THREE","ZSU","2010/11/11","Y","JOSHE.JOSHE3","SJU"
"2025/11/27","JSONN","FOUR","ZKC","2023/08/10","Y","JSONN.JSONN4","MCI"
"2025/11/27","JULLE","FIVE","ZHN","2014/02/06","N","JULLE.JULLE5","HNL"
"2025/11/27","JUNNR","FOUR","ZTL","2024/10/31","Y","JUNNR.JUNNR4","GMU GSP GYH SPA"
"2025/11/27","JANESVILLE","ONE","ZAU","2021/10/07","N","JVL.JVL1","ORD"
"2025/11/27","KABEE","THREE","ZTL","2019/01/03","Y","KABEE.KABEE3","JQF RUQ SVH VUJ"
"2025/11/27","KAENA","FOUR","ZHN","2025/11/27","Y","KAENA.KAENA4","HNL"
"2025/11/27","KASPR","SEVEN","ZMP","2018/09/13","N","KASPR.KASPR7","MSP"
"2025/11/27","KAYAK","SIX","ZHN","2017/12/07","N","KAYAK.KAYAK6","KOA"
"2025/11/27","KAYLA","THREE","ZKC","2017/10/12","Y","KAYLA.KAYLA3","STL"
"2025/11/27","KAYOH","EIGHT","ZLA","2022/03/24","N","KAYOH.KAYOH8","FUL LGB SLI SNA TOA"
"2025/11/27","KIDDZ","FIVE","ZHU","2024/10/31","Y","KIDDZ.KIDDZ5","EFD GLS HOU LBX"
"2025/11/27","KIMMO","THREE","ZLA","2014/07/24","N","KIMMO.KIMMO3","LAX SMO"
"2025/11/27","KKILR","THREE","ZMP","2017/01/05","Y","KKILR.KKILR3","MSP"
"2025/11/27","KLANI","FOUR","ZHN","2025/02/20","Y","KLANI.KLANI4","HNL"
"2025/11/27","KLUBS","ONE","ZOA","2024/01/25","Y","KLUBS.KLUBS1","RNO"
"2025/11/27","BACHR","FOUR","ZFW","2016/05/26","Y","KNEAD.BACHR4","DAL"
"2025/11/27","DRYYE","TWO","ZFW","2017/06/22","Y","KNEAD.DRYYE2","DAL"
"2025/11/27","PAWLZ","THREE","ZFW","2016/03/31","Y","KNEAD.PAWLZ3","DFW"
"2025/11/27","SWVAY","FOUR","ZFW","2016/05/26","Y","KNEAD.SWVAY4","ADS CPT DAL F41 F46 FWS GKY GPM HQZ JWY LNC RBD TKI"
"2025/11/27","TILLA","THREE","ZFW","2016/03/31","Y","KNEAD.TILLA3","DFW"
"2025/11/27","KOLTS","TWO","ZID","2016/11/10","Y","KOLTS.KOLTS2","IND"
"2025/11/27","NTNDO","ONE","ZLA","2021/02/25","Y","KONNG.NTNDO1","HND VGT"
"2025/11/27","KOOOP","ONE","ZKC","2017/10/12","N","KOOOP.KOOOP1","STL"
"2025/11/27","KOURT","FOUR","ZLC","2022/07/14","Y","KOURT.KOURT4","BOI"
"2025/11/27","KRAKN","ONE","ZMA","2024/10/31","Y","KRAKN.KRAKN1","EYW NQX"
"2025/11/27","KRATR","TWO","ZSE","2015/06/25","Y","KRATR.KRATR2","PDX"
"2025/11/27","KROTO","FIVE","ZAN","2024/10/31","Y","KROTO.KROTO5","ANC"
"2025/11/27","KYAAN","FOUR","ZLC","2022/07/14","Y","KYAAN.KYAAN4","BOI"
"2025/11/27","KYAKS","THREE","ZMA","2022/11/03","Y","KYAKS.KYAKS3","FLL FXE HWO OPF PMP"
"2025/11/27","DEVYN","TWO","ZSE","2017/12/07","Y","KYCKR.DEVYN2","PAE"
"2025/11/27","LAIKS","FOUR","ZHU","2024/09/05","Y","LAIKS.LAIKS4","AUS"
"2025/11/27","LANDR","THREE","ZDV","2023/04/20","N","LANDR.LANDR3","APA BJC BKF CFO DEN FNL GXY"
"2025/11/27","LANTK","TWO","ZMP","2022/09/08","N","LANTK.LANTK2","OFF OMA"
"2025/11/27","LARKS","THREE","ZDV","2023/11/30","N","LARKS.LARKS3","APA BJC BKF CFO DEN FNL GXY"
"2025/11/27","LAVAN","THREE","ZAB","2003/09/03","N","LAVAN.LAVAN3","ABQ AEG"
"2025/11/27","LAVAS","ONE","ZHN","2019/06/20","Y","LAVAS.LAVAS1","OGG"
"2025/11/27","LAWGR","FOUR","ZDV","2025/06/12","Y","LAWGR.LAWGR4","DEN"
"2025/11/27","LEESE","THREE","ZJX","2021/04/22","N","LEESE.LEESE3","ISM MCO ORL"
"2025/11/27","LEGOZ","FOUR","ZLA","2025/11/27","Y","LEGOZ.LEGOZ4","CRQ NFG"
"2025/11/27","LEMIG","TWO","ZHU","2025/10/02","N","LEMIG.LEMIG2","RND SAT SKF SSF"
"2025/11/27","LENNI","FOUR","ZAB","2022/07/14","N","LENNI.LENNI4","LUF"
"2025/11/27","BRIGHAM CITY","FIVE","ZLC","2023/06/15","N","LHO.LHO5","SLC"
"2025/11/27","LINKK","ONE","ZHU","2015/04/30","Y","LINKK.LINKK1","IAH"
"2025/11/27","NNCEE","TWO","ZHU","2023/11/30","Y","LINKK.NNCEE2","IAH"
"2025/11/27","HYPER","NINE","ZDC","2024/03/21","Y","LIRCH.HYPER9","CJR EZF FRR HEF HWY IAD JYO MRB NYG OKV RMN"
"2025/11/27","LNDHY","ONE","ZHN","2019/06/20","Y","LNDHY.LNDHY1","OGG"
"2025/11/27","LONGZ","FOUR","ZDV","2025/06/12","Y","LONGZ.LONGZ4","DEN"
"2025/11/27","LORLE","THREE","ZKC","2017/12/07","Y","LORLE.LORLE3","STL"
"2025/11/27","LOSST","ONE","ZLC","2024/07/11","Y","LOSST.LOSST1","BZN"
"2025/11/27","LOWBO","THREE","ZAB","2015/01/08","Y","LOWBO.LOWBO3","ABQ"
"2025/11/27","BDEGA","FOUR","ZOA","2024/07/11","Y","LOZIT.BDEGA4","SFO"
"2025/11/27","STLER","FOUR","ZOA","2024/07/11","Y","LOZIT.STLER4","SFO"
"2025/11/27","LUBBR","THREE","ZMA","2022/05/19","Y","LUBBR.LUBBR3","FA54 LAL PGD SRQ VNC"
"2025/11/27","LUCIT","THREE","ZAU","2024/10/31","Y","LUCIT.LUCIT3","05C 3HO GYY IGQ"
"2025/11/27","LUCKI","ONE","ZLA","2016/11/10","Y","LUCKI.LUCKI1","SAN"
"2025/11/27","LUNNI","TWO","ZJX","2025/04/17","Y","LUNNI.LUNNI2","JAX"
"2025/11/27","LENDY","EIGHT","ZNY","2022/11/03","N","LVZ.LENDY8","FRG JFK"
"2025/11/27","WILKES-BARRE","FIVE","ZNY","2024/07/11","N","LVZ.LVZ5","39N CDW LDJ MMU N51 SMQ TEB"
"2025/11/27","SLATT","SIX","ZNY","2023/08/10","N","LVZ.SLATT6","PHL"
"2025/11/27","SPUDS","SEVEN","ZNY","2023/11/30","Y","LVZ.SPUDS7","PHL"
"2025/11/27","LYNXX","EIGHT","ZLA","2006/08/03","N","LYNXX.LYNXX8","BUR VNY"
"2025/11/27","LZZRD","FOUR","ZAB","2021/12/02","Y","LZZRD.LZZRD4","ABQ"
"2025/11/27","MAATY","FIVE","ZMA","2024/10/31","Y","MAATY.MAATY5","LAL MCF TPA VDF"
"2025/11/27","DEER PARK","THREE","ZBW","2012/11/15","N","MAD.DPK3","BAF BDL CEF"
"2025/11/27","MADEE","SIX","ZVR","2025/11/27","Y","MADEE.MADEE6","BLI CYXX CZBB"
"2025/11/27","MADII","SEVEN","ZAU","2023/04/20","Y","MADII.MADII7","ORD"
"2025/11/27","MAGGI","THREE","ZHN","1999/09/09","N","MAGGI.MAGGI3","HNL"
"2025/11/27","MAHHI","THREE","ZMA","2022/05/19","Y","MAHHI.MAHHI3","BCT PBI"
"2025/11/27","BRUSR","ONE","ZAB","2014/09/18","Y","MAIER.BRUSR1","PHX"
"2025/11/27","MAJIC","FOUR","ZTL","2020/03/26","N","MAJIC.MAJIC4","AFP AKH CLT DCM EHO EQY IPJ LKR N52 UZA"
"2025/11/27","MAKAH","ONE","ZHN","2020/01/30","Y","MAKAH.MAKAH1","HNL"
"2025/11/27","MARCS","TWO","ZHU","2025/08/07","N","MARCS.MARCS2","RND SAT SKF SSF"
"2025/11/27","QERVO","THREE","ZHU","2025/11/27","Y","MARCS.QERVO3","5C1 BAZ CVB PEZ RND SAT SKF SSF"
"2025/11/27","MARNR","EIGHT","ZSE","2024/12/26","Y","MARNR.MARNR8","SEA"
"2025/11/27","MARQO","THREE","ZJX","2025/04/17","Y","MARQO.MARQO3","CRG FHB JAX NRB"
"2025/11/27","MARWI","FOUR","ZMP","2022/12/29","N","MARWI.MARWI4","OFF OMA"
"2025/11/27","MAZIE","THREE","ZNY","2020/11/05","Y","MAZIE.MAZIE3","47N CDW LDJ MMU N07 SMQ TEB"
"2025/11/27","ALDAN","FOUR","ZDC","2024/01/25","Y","MCDON.ALDAN4","RDU"
"2025/11/27","MCHLN","TWO","ZTL","2019/04/25","Y","MCHLN.MCHLN2","GMU GSP GYH SPA"
"2025/11/27","MDNYT","TWO","ZLA","2017/10/12","Y","MDNYT.MDNYT2","LAX"
"2025/11/27","DUBLN","ONE","ZID","2021/08/12","Y","MELZZ.DUBLN1","CMH LCK OSU TZR"
"2025/11/27","MIERA","TWO","ZAB","2003/09/04","N","MIERA.MIERA2","ABQ AEG"
"2025/11/27","MIIDY","THREE","ZDC","2024/09/05","Y","MIIDY.MIIDY3","BWI MTN"
"2025/11/27","MINEE","SIX","ZJX","2025/02/20","N","MINEE.MINEE6","COI ISM LEE MCO ORL SFB TIX"
"2025/11/27","MILTON","FOUR","ZNY","2011/10/20","N","MIP.MIP4","LGA"
"2025/11/27","MELBOURNE","TWO","ZMA","2021/12/02","N","MLB.MLB2","06FA BCT LNA PBI"
"2025/11/27","MMARY","ONE","ZDV","2025/04/17","Y","MMARY.MMARY1","ASE RIL"
"2025/11/27","MNNDO","FOUR","ZFW","2016/05/26","Y","MNNDO.MNNDO4","DAL"
"2025/11/27","MNSTR","ONE","ZHU","2023/02/23","Y","MNSTR.MNSTR1","MSY NBG NEW"
"2025/11/27","MODESTO","NINE","ZOA","2019/08/15","N","MOD.MOD9","SFO"
"2025/11/27","MOLLY","FIVE","ZAB","2020/11/05","Y","MOLLY.MOLLY5","ELP"
"2025/11/27","MONAA","FOUR","ZME","2023/11/30","Y","MONAA.MONAA4","MEM"
"2025/11/27","MOTZA","ONE","ZFW","2021/06/17","N","MOTZA.MOTZA1","50F AFW CPT FTW FWS GKY GPM LUD NFW WEA"
"2025/11/27","WESAT","THREE","ZFW","2025/10/30","Y","MOTZA.WESAT3","50F AFW CPT FTW FWS GKY GPM JWY LNC LUD NFW RBD WEA"
"2025/11/27","DRLLR","FIVE","ZHU","2016/05/26","Y","MPORT.DRLLR5","IAH"
"2025/11/27","GUSHR","THREE","ZHU","2015/01/08","Y","MPORT.GUSHR3","IAH"
"2025/11/27","WESTMINSTER","SEVEN","ZDC","2019/12/05","N","MRB.EMI7","BWI MTN"
"2025/11/27","JUDDG","TWO","ZFW","2016/11/10","Y","MURAH.JUDDG2","OUN PWA TIK"
"2025/11/27","MURAH","THREE","ZFW","2017/12/07","Y","MURAH.MURAH3","OKC"
"2025/11/27","MUSCL","THREE","ZMP","2017/01/05","Y","MUSCL.MUSCL3","MSP"
"2025/11/27","RYANN","TWO","ZOA","2022/11/03","N","MVA.RYANN2","RNO"
"2025/11/27","WADOL","FOUR","ZOA","2024/01/25","Y","MYBAD.WADOL4","RNO"
"2025/11/27","NELIE","FOUR","ZNY","2025/08/07","Y","NELIE.NELIE4","FOK ISP"
"2025/11/27","DEMME","FIVE","ZOB","2023/06/15","Y","NESTO.DEMME5","PIT"
"2025/11/27","NEWBE","THREE","ZBW","2017/10/12","N","NEWBE.NEWBE3","ACK"
"2025/11/27","NIIXX","FOUR","ZDV","2025/06/12","Y","NIIXX.NIIXX4","DEN"
"2025/11/27","NITZR","THREE","ZMP","2017/01/05","Y","NITZR.NITZR3","MSP"
"2025/11/27","NUTIY","ONE","ZDC","2025/10/02","Y","NUTIY.NUTIY1","ORF"
"2025/11/27","VNYRD","ONE","ZOA","2024/07/11","Y","OAK.VNYRD1","APC DVO HES O69 STS"
"2025/11/27","OAKES","THREE","ZOA","2025/06/12","Y","OAKES.OAKES3","HWD OAK"
"2025/11/27","OCITY","THREE","ZSE","2020/01/30","N","OCITY.OCITY3","HIO PDX TTD"
"2025/11/27","OHDEA","TWO","ZJX","2025/04/17","Y","OHDEA.OHDEA2","JAX"
"2025/11/27","OHIIO","FOUR","ZHU","2017/06/22","N","OHIIO.OHIIO4","54T 6R3 AXH CXO DWH EFD GLS HOU HPY IAH IWS LBX LVJ SGR T00 T41 T78 TME"
"2025/11/27","OLAHS","THREE","ZMA","2022/11/03","Y","OLAHS.OLAHS3","FLL FXE OPF PMP"
"2025/11/27","OLEDD","FOUR","ZHU","2016/11/10","N","OLEDD.OLEDD4","MSY NEW"
"2025/11/27","OLYMPIA","TWO","ZSE","2016/11/10","N","OLM.OLM2","BFI PAE RNT SEA"
"2025/11/27","ONDRE","ONE","ZTL","2017/10/12","Y","ONDRE.ONDRE1","ATL"
"2025/11/27","OPACA","FOUR","ZHN","1994/01/06","N","OPACA.OPACA4","HNL"
"2025/11/27","POGIE","TWO","ZJX","2020/01/30","N","ORL.POGIE2","CRG JAX NIP NRB VQQ"
"2025/11/27","ORRCA","ONE","ZOA","2022/11/03","Y","ORRCA.ORRCA1","RNO"
"2025/11/27","NORWICH","SEVEN","ZBW","2016/07/21","N","ORW.ORW7","BOS"
"2025/11/27","WOONS","TWO","ZBW","2016/07/21","N","ORW.WOONS2","1B9 BOS GHG OWD"
"2025/11/27","OSVEE","TWO","ZOA","2022/05/19","Y","OSVEE.OSVEE2","SUU"
"2025/11/27","OZZZI","TWO","ZTL","2025/10/30","Y","OZZZI.OZZZI2","ATL"
"2025/11/27","PALMZ","TWO","ZMA","2021/12/02","Y","PALMZ.PALMZ2","07FA HST MIA OPF TMB X51"
"2025/11/27","PANGG","SEVEN","ZAU","2025/10/02","Y","PANGG.PANGG7","05C 3HO GYY IGQ MDW"
"2025/11/27","PARCH","FOUR","ZNY","2025/04/17","Y","PARCH.PARCH4","FRG JFK"
"2025/11/27","LYCHI","ONE","ZHN","2021/02/25","Y","PARIS.LYCHI1","ITO"
"2025/11/27","PASLY","FIVE","ZME","2025/10/02","Y","PASLY.PASLY5","BNA"
"2025/11/27","DENNA","ONE","ZNY","2025/11/27","Y","PAWLN.DENNA1","BDR HVN OXC"
"2025/11/27","LOVES","ONE","ZNY","2025/10/02","Y","PAWLN.LOVES1","ISP"
"2025/11/27","PAWLN","ONE","ZNY","2025/10/02","Y","PAWLN.PAWLN1","FRG JFK"
"2025/11/27","OHSEA","THREE","ZLA","2024/12/26","Y","PCIFC.OHSEA3","SNA"
"2025/11/27","PCIFC","THREE","ZLA","2024/12/26","Y","PCIFC.PCIFC3","LGB"
"2025/11/27","PEBLL","TWO","ZOA","2022/05/19","Y","PEBLL.PEBLL2","SUU"
"2025/11/27","ISHEE","TWO","ZLA","2022/01/27","N","PEHTY.ISHEE2","LAS"
"2025/11/27","RKSTR","FOUR","ZLA","2024/10/31","Y","PEHTY.RKSTR4","LAS"
"2025/11/27","SADYL","FOUR","ZLC","2020/09/10","Y","PELYT.SADYL4","BOI"
"2025/11/27","PENNS","TWO","ZNY","2004/08/05","N","PENNS.PENNS2","EWR"
"2025/11/27","PETTE","TWO","ZOB","2019/10/10","Y","PETTE.PETTE2","ARB CYQG DET MTC ONZ OZW PTK TTF VLL YIP"
"2025/11/27","PIKKR","SEVEN","ZMA","2021/12/02","Y","PIKKR.PIKKR7","APF FA54 MKY PGD"
"2025/11/27","PINNG","ONE","ZAB","2014/09/18","Y","PINNG.PINNG1","PHX"
"2025/11/27","PINNR","THREE","ZDV","2020/12/31","Y","PINNR.PINNR3","APA BJC CFO FNL GXY LMO"
"2025/11/27","PIRAT","THREE","ZOA","2024/07/11","Y","PIRAT.PIRAT3","OAK SFO"
"2025/11/27","PITBL","TWO","ZLA","2025/08/07","Y","PITBL.PITBL2","SBA"
"2025/11/27","PITTT","ONE","ZLC","2025/02/20","Y","PITTT.PITTT1","SLC"
"2025/11/27","PLYYA","TWO","ZLA","2024/10/31","Y","PLYYA.PLYYA2","SAN"
"2025/11/27","MARCH","FOUR","ZLA","1993/11/11","N","PMD.MARCH4","RIV"
"2025/11/27","NASCR","ONE","ZTL","2025/02/20","Y","PONTI.NASCR1","JQF RUQ VUJ"
"2025/11/27","POPPO","TWO","ZHU","2025/11/27","Y","POPPO.POPPO2","5C1 BAZ CVB PEZ RND SAT SKF SSF"
"2025/11/27","POWDR","ONE","ZDV","2020/01/30","N","POWDR.POWDR1","APA BJC BKF CFO DEN FNL GXY"
"2025/11/27","POWTN","FIVE","ZDC","2020/09/10","Y","POWTN.POWTN5","RIC"
"2025/11/27","PRICY","FOUR","ZJX","2024/10/31","Y","PRICY.PRICY4","ISM LEE MCO MLB ORL SFB"
"2025/11/27","PRIVO","THREE","ZDC","2023/10/05","N","PRIVO.PRIVO3","HEF IAD JYO MRB NYG"
"2025/11/27","WAYNZ","ONE","ZDC","2024/03/21","Y","PRIVO.WAYNZ1","IAD"
"2025/11/27","LOYYD","ONE","ZDV","2025/04/17","Y","PRTTY.LOYYD1","ASE"
"2025/11/27","PRTZL","ONE","ZDC","2024/03/21","Y","PRTZL.PRTZL1","IAD"
"2025/11/27","PTERS","THREE","ZAN","2018/02/01","Y","PTERS.PTERS3","ANC"
"2025/11/27","PUCKY","ONE","ZNY","2025/10/02","Y","PUCKY.PUCKY1","FRG JFK"
"2025/11/27","PUMLE","ONE","ZLA","2021/02/25","N","PUMLE.PUMLE1","HND LAS"
"2025/11/27","PUMPP","TWO","ZMA","2025/06/12","N","PUMPP.PUMPP2","FMY RSW"
"2025/11/27","PANOCHE","SIX","ZOA","2019/08/15","N","PXN.PXN6","HWD OAK"
"2025/11/27","BRINY","TWO","ZOA","2016/09/15","N","PYE.BRINY2","SJC"
"2025/11/27","POINT REYES","THREE","ZOA","2017/06/22","N","PYE.PYE3","NUQ PAO RHV SFO SJC SQL"
"2025/11/27","STINS","FOUR","ZOA","2021/06/17","N","PYE.STINS4","SFO"
"2025/11/27","QUAIL","ONE","ZDV","2020/01/30","N","QUAIL.QUAIL1","APA BJC BKF CFO DEN FNL GXY"
"2025/11/27","QUBEN","TWO","ZJX","2025/04/17","Y","QUBEN.QUBEN2","CRG FHB HEG JAX NIP NRB VQQ"
"2025/11/27","QUOTE","ONE","ZAU","2024/01/25","Y","QUOTE.QUOTE1","RFD"
"2025/11/27","QWENN","SIX","ZLC","2025/02/20","Y","QWENN.QWENN6","SLC"
"2025/11/27","GAMES","TWO","ZLA","2022/03/24","Y","QWIST.GAMES2","HND LAS"
"2025/11/27","RACYR","SIX","ZID","2022/05/19","N","RACYR.RACYR6","EYE HFY IND MQJ TYQ UMP"
"2025/11/27","SMUKE","THREE","ZID","2024/07/11","Y","RACYR.SMUKE3","IND"
"2025/11/27","RAMMS","EIGHT","ZDV","2020/01/30","N","RAMMS.RAMMS8","APA BJC BKF CFO DEN FNL GXY"
"2025/11/27","RASLN","THREE","ZTL","2017/08/17","N","RASLN.RASLN3","AFP AKH CLT DCM EHO EQY IPJ LKR N52 UZA"
"2025/11/27","RAYZZ","THREE","ZMA","2025/04/17","Y","RAYZZ.RAYZZ3","CLW LAL MCF PIE SPG SRQ TPA TPF VDF VNC"
"2025/11/27","RCTOR","THREE","ZTL","2025/04/17","Y","RCTOR.RCTOR3","GMU GSP GYH SPA"
"2025/11/27","RDBUL","ONE","ZLA","2025/06/12","Y","RDBUL.RDBUL1","PSP TRM UDD"
"2025/11/27","HRDNG","FOUR","ZAN","2023/10/05","Y","RDFLG.HRDNG4","FAI"
"2025/11/27","REDDN","FOUR","ZFW","2016/05/26","Y","REDDN.REDDN4","DAL"
"2025/11/27","RICED","FOUR","ZNY","2008/02/14","N","RICED.RICED4","DXR HPN"
"2025/11/27","RIDES","TWO","ZJX","2022/05/19","Y","RIDES.RIDES2","ISM LEE MCO ORL SFB"
"2025/11/27","FAKEY","ONE","ZFW","2014/07/24","Y","RIFFL.FAKEY1","OUN PWA TIK"
"2025/11/27","RIFFL","THREE","ZFW","2017/12/07","Y","RIFFL.RIFFL3","OKC"
"2025/11/27","RIICE","ONE","ZHU","2024/10/31","N","RIICE.RIICE1","6R3 CXO DWH IAH T78"
"2025/11/27","RISTI","ONE","ZOA","2017/06/22","Y","RISTI.RISTI1","SFO SJC"
"2025/11/27","KKISS","TWO","ZOB","2019/10/10","Y","RKCTY.KKISS2","DTW"
"2025/11/27","RKCTY","TWO","ZOB","2019/10/10","Y","RKCTY.RKCTY2","DTW"
"2025/11/27","LARKK","ONE","ZLA","2021/02/25","N","RNDRZ.LARKK1","LAS"
"2025/11/27","RNDRZ","FOUR","ZLA","2025/08/07","Y","RNDRZ.RNDRZ4","LAS"
"2025/11/27","ROBIE","FIVE","ZOA","2019/08/15","N","ROBIE.ROBIE5","SJC"
"2025/11/27","ROBUC","THREE","ZBW","2017/10/12","Y","ROBUC.ROBUC3","BOS"
"2025/11/27","BONJO","THREE","ZLA","2025/02/20","Y","ROKKR.BONJO3","SMO"
"2025/11/27","ROKKR","THREE","ZLA","2025/02/20","Y","ROKKR.ROKKR3","BUR"
"2025/11/27","ROKNN","FOUR","ZOB","2025/08/07","Y","ROKNN.ROKNN4","BKL CGF CLE LNN LPR"
"2025/11/27","ROLLN","TWO","ZOB","2019/10/10","Y","ROLLN.ROLLN2","BKL CGF CLE LNN LPR"
"2025/11/27","ROOBY","THREE","ZLA","2018/02/01","Y","ROOBY.ROOBY3","LGB SNA"
"2025/11/27","ROZZE","TWO","ZBW","2017/08/17","Y","ROZZE.ROZZE2","MHT"
"2025/11/27","RRALF","THREE","ZOB","2020/05/21","Y","RRALF.RRALF3","ARB CYQG DET MTC ONZ OZW PTK TTF VLL YIP"
"2025/11/27","RUDDH","THREE","ZKC","2023/08/10","Y","RUDDH.RUDDH3","MCI"
"2025/11/27","RUKKI","ONE","ZLA","2024/12/26","Y","RUKKI.RUKKI1","SNA"
"2025/11/27","APPLE","THREE","ZNY","2024/01/25","Y","RUUTH.APPLE3","LGA"
"2025/11/27","BRAND","ONE","ZNY","2020/11/05","Y","RUUTH.BRAND1","EWR"
"2025/11/27","RYDRR","TWO","ZLA","2018/05/24","Y","RYDRR.RYDRR2","HHR LAX"
"2025/11/27","MLLET","THREE","ZTL","2024/05/16","Y","RYFLE.MLLET3","CLT"
"2025/11/27","RYYMN","THREE","ZME","2025/10/02","Y","RYYMN.RYYMN3","BNA"
"2025/11/27","SAALR","TWO","ZSU","2010/09/23","Y","SAALR.SAALR2","SJU"
"2025/11/27","SADDE","EIGHT","ZLA","2017/12/07","N","SADDE.SADDE8","LAX"
"2025/11/27","TANDY","FIVE","ZLA","2019/02/28","N","SADDE.TANDY5","LGB SNA"
"2025/11/27","SAKKI","FIVE","ZHN","2011/08/25","N","SAKKI.SAKKI5","HNL"
"2025/11/27","SAMMR","THREE","ZAB","2014/04/03","Y","SAMMR.SAMMR3","ELP"
"2025/11/27","SARDI","ONE","ZBW ZNY","2025/10/02","Y","SARDI.SARDI1","BDR FOK FRG GON HVN HWV ISP JPX MTP OXC SNC WST"
"2025/11/27","SARGO","FOUR","ZID","2024/03/21","Y","SARGO.SARGO4","CVG"
"2025/11/27","SASIE","EIGHT","ZFW","2025/11/27","N","SASIE.SASIE8","50F ADS AFW CPT DTO FTW FWS GKY GPM LUD NFW WEA"
"2025/11/27","TRUUK","THREE","ZFW","2025/10/02","Y","SASIE.TRUUK3","50F AFW CPT DTO FTW FWS GKY GPM LUD NFW WEA"
"2025/11/27","SBONO","ONE","ZLA","2005/05/12","N","SBONO.SBONO1","PSP TRM UDD"
"2025/11/27","SCBBY","TWO","ZLA","2018/02/01","Y","SCBBY.SCBBY2","ONT"
"2025/11/27","SCOGS","THREE","ZBW","2015/12/10","Y","SCOGS.SCOGS3","PWM"
"2025/11/27","SCOLA","ONE","ZOA","2022/11/03","Y","SCOLA.SCOLA1","RNO"
"2025/11/27","SCRLT","TWO","ZID","2024/12/26","Y","SCRLT.SCRLT2","CMH LCK OSU TZR"
"2025/11/27","SEATO","FOUR","ZOA","2013/12/12","N","SEATO.SEATO4","SUU"
"2025/11/27","SEAVU","TWO","ZLA","2008/09/25","N","SEAVU.SEAVU2","LAX"
"2025/11/27","BRDJE","FIVE","ZFW","2024/07/11","Y","SEEVR.BRDJE5","DFW"
"2025/11/27","SEEVR","FOUR","ZFW","2017/01/05","Y","SEEVR.SEEVR4","DFW"
"2025/11/27","SELINSGROVE","SIX","ZDC","2019/02/28","N","SEG.SEG6","IAD"
"2025/11/27","SERFR","FOUR","ZOA","2019/12/05","Y","SERFR.SERFR4","SFO"
"2025/11/27","WWAVS","TWO","ZOA","2024/07/11","Y","SERFR.WWAVS2","SFO"
"2025/11/27","SETER","FIVE","ZLA","2017/08/17","N","SETER.SETER5","AJO CNO EMT ONT POC RAL SBD"
"2025/11/27","SHAFF","SEVEN","ZNY","2012/05/31","N","SHAFF.SHAFF7","EWR"
"2025/11/27","SHAIN","TWO","ZAU","2020/11/05","Y","SHAIN.SHAIN2","ORD"
"2025/11/27","SHAMU","ONE","ZLA","1995/05/25","N","SHAMU.SHAMU1","SAN"
"2025/11/27","SHFTY","SIX","ZMA","2024/10/31","Y","SHFTY.SHFTY6","APF FMY MKY RSW"
"2025/11/27","SKILS","FIVE","ZDC","2023/08/10","Y","SHILO.SKILS5","DCA"
"2025/11/27","SHREK","TWO","ZJX","2021/12/02","Y","SHREK.SHREK2","ISM MCO ORL SFB"
"2025/11/27","CAMRN","FIVE","ZNY","2025/06/12","N","SIE.CAMRN5","JFK"
"2025/11/27","SILCN","SIX","ZOA","2022/07/14","Y","SILCN.SILCN6","SJC"
"2025/11/27","SITTH","THREE","ZTL","2025/11/27","Y","SITTH.SITTH3","ATL"
"2025/11/27","SIZLR","FOUR","ZLA","2025/06/12","Y","SIZLR.SIZLR4","PSP TRM UDD"
"2025/11/27","SKETR","FIVE","ZMP","2013/01/10","N","SKETR.SKETR5","MSP"
"2025/11/27","SKYKO","ONE","ZSE","2022/05/19","N","SKYKO.SKYKO1","BFI RNT SEA"
"2025/11/27","SLMMR","FIVE","ZOA","2022/07/14","Y","SLMMR.SLMMR5","SMF"
"2025/11/27","SLOAO","ONE","ZJX","2025/06/12","Y","SLOAO.SLOAO1","COI ISM LEE MCO ORL SFB TIX X04"
"2025/11/27","LIKES","FOUR","ZFW","2025/10/02","Y","SLUGG.LIKES4","50F AFW DTO FTW LUD NFW WEA"
"2025/11/27","SLVER","ONE","ZKC","2012/11/15","Y","SLVER.SLVER1","SUS"
"2025/11/27","NEELL","SEVEN","ZAN","2024/10/31","Y","SNAAG.NEELL7","ANC"
"2025/11/27","SNDBR","THREE","ZMA","2022/12/29","Y","SNDBR.SNDBR3","07FA HST MIA TMB X51"
"2025/11/27","SNDIA","FOUR","ZAB","2020/12/31","Y","SNDIA.SNDIA4","ABQ"
"2025/11/27","SNFLD","THREE","ZJX","2023/02/23","Y","SNFLD.SNFLD3","ISM MCO"
"2025/11/27","SNKPT","TWO","ZID","2016/11/10","Y","SNKPT.SNKPT2","IND"
"2025/11/27","JAZZZ","ONE","ZLC","2025/02/20","Y","SPANE.JAZZZ1","SLC"
"2025/11/27","SPANE","EIGHT","ZLC","2024/05/16","N","SPANE.SPANE8","SLC"
"2025/11/27","SPIDR","FIVE","ZDC","2024/12/26","Y","SPIDR.SPIDR5","RIC"
"2025/11/27","SPISY","TWO","ZDC","2015/12/10","Y","SPISY.SPISY2","ADW"
"2025/11/27","SPUUD","FOUR","ZLC","2022/07/14","Y","SPUUD.SPUUD4","BOI"
"2025/11/27","ZEILR","SIX","ZMA","2024/09/05","N","SRQ.ZEILR6","APF MKY"
"2025/11/27","SSKII","FOUR","ZDV","2025/06/12","Y","SSKII.SSKII4","DEN"
"2025/11/27","STOOP","THREE","ZMA","2022/05/19","N","STOOP.STOOP3","06FA BCT PBI"
"2025/11/27","RAZRR","FIVE","ZOA","2022/07/14","Y","STUBL.RAZRR5","SJC"
"2025/11/27","STUGE","THREE","ZTL","2004/02/19","N","STUGE.STUGE3","AGS"
"2025/11/27","STONEWALL","TWO","ZHU","2024/09/05","N","STV.STV2","RND SAT SKF SSF"
"2025/11/27","STWRT","THREE","ZTL","2019/01/03","N","STWRT.STWRT3","AGS"
"2025/11/27","SUTHU","TWO","ZOA","2022/05/19","Y","SUTHU.SUTHU2","SUU"
"2025/11/27","MSCOT","FOUR","ZHU","2015/04/30","Y","SUUNR.MSCOT4","IAH"
"2025/11/27","TTORO","THREE","ZHU","2015/04/30","Y","SUUNR.TTORO3","IAH"
"2025/11/27","SUUTR","FOUR","ZOA","2022/07/14","Y","SUUTR.SUUTR4","SMF"
"2025/11/27","PARQR","FOUR","ZTL","2024/05/16","Y","SUZNN.PARQR4","CLT"
"2025/11/27","SWFFT","THREE","ZME","2025/10/02","Y","SWFFT.SWFFT3","BNA"
"2025/11/27","SWOPE","ONE","ZDC","2025/10/02","Y","SWOPE.SWOPE1","ORF"
"2025/11/27","PALISADES","ONE","ZOA","2023/08/10","N","SWR.SWR1","SUU"
"2025/11/27","SWTEE","TWO","ZTL","2020/03/21","Y","SWTEE.SWTEE2","CVC D73 FTY LZU MGE PDK PUJ RYY VPC"
"2025/11/27","LEENA","EIGHT","ZLA","2023/08/10","N","SXC.LEENA8","LAX"
"2025/11/27","SYMIN","ONE","ZHN","2020/01/30","Y","SYMIN.SYMIN1","HNL"
"2025/11/27","SZAGI","THREE","ZHU","2025/10/02","Y","SZAGI.SZAGI3","3R9 AUS EDC GTU HYI RYW T74"
"2025/11/27","TAGER","NINE","ZAN","2022/12/29","N","TAGER.TAGER9","ANC"
"2025/11/27","TAQLE","TWO","ZDC","2023/10/05","Y","TAQLE.TAQLE2","RDU"
"2025/11/27","TARPN","THREE","ZMA","2022/05/19","Y","TARPN.TARPN3","07FA FLL HST HWO MIA OPF TMB X51"
"2025/11/27","TARVR","ONE","ZOA","2022/11/03","Y","TARVR.TARVR1","RNO"
"2025/11/27","TAYTR","TWO","ZLC","2025/08/07","Y","TAYTR.TAYTR2","PVU SPK"
"2025/11/27","TBARR","FOUR","ZDV","2025/06/12","Y","TBARR.TBARR4","DEN"
"2025/11/27","TEBOW","TWO","ZJX","2025/04/17","Y","TEBOW.TEBOW2","CRG FHB JAX NRB"
"2025/11/27","TEEKY","THREE","ZMA","2022/11/03","Y","TEEKY.TEEKY3","FLL FXE PMP"
"2025/11/27","TERKS","TWO","ZDC","1994/10/13","N","TERKS.TERKS2","CPK NGU NTU ORF PVG SFQ"
"2025/11/27","DUCXS","FIVE","ZDC","2020/09/10","Y","THINA.DUCXS5","RIC"
"2025/11/27","THRNE","FOUR","ZLA","2025/02/20","Y","THRNE.THRNE4","BUR VNY"
"2025/11/27","TIGRR","FOUR","ZID","2024/03/21","Y","TIGRR.TIGRR4","CVG"
"2025/11/27","TIKEE","FOUR","ZDC","2023/04/20","Y","TIKEE.TIKEE4","2W5 ADW CJR DAA DCA EZF HEF HWY NYG RMN VKX W00"
"2025/11/27","TKNIQ","THREE","ZHU","2021/10/07","Y","TKNIQ.TKNIQ3","54T AXH EFD GLS HOU HPY IWS LBX LVJ SGR T00 T41 TME"
"2025/11/27","TMBRS","THREE","ZSE","2024/10/31","Y","TMBRS.TMBRS3","PDX"
"2025/11/27","TOMSN","NINE","ZDV","2024/05/16","N","TOMSN.TOMSN9","APA BJC BKF CFO DEN FNL GXY"
"2025/11/27","CHASR","TWO","ZLA","2017/12/07","Y","TOPGN.CHASR2","NZY SDM"
"2025/11/27","TOPGN","TWO","ZLA","2018/05/24","Y","TOPGN.TOPGN2","SAN"
"2025/11/27","TOREZ","ONE","ZMA","2023/06/15","Y","TOREZ.TOREZ1","FLL FXE HWO OPF PMP"
"2025/11/27","TORGY","THREE","ZMP","2017/01/05","Y","TORGY.TORGY3","MSP"
"2025/11/27","CUUGR","TWO","ZOB","2019/10/10","Y","TPGUN.CUUGR2","DTW"
"2025/11/27","TPGUN","TWO","ZOB","2019/10/10","Y","TPGUN.TPGUN2","DTW"
"2025/11/27","TRAKS","FOUR","ZTL","2024/10/31","Y","TRAKS.TRAKS4","GSO INT"
"2025/11/27","TRESA","ONE","ZNY","2025/11/27","Y","TRESA.TRESA1","POU SWF"
"2025/11/27","TRISH","FOUR","ZDC","2024/09/05","Y","TRISH.TRISH4","BWI MTN"
"2025/11/27","TROCO","THREE","ZSU","2010/11/18","Y","TROCO.TROCO3","SJU"
"2025/11/27","TRSSH","ONE","ZHU","2023/10/05","Y","TRSSH.TRSSH1","MSY NBG NEW"
"2025/11/27","TRSTN","FOUR","ZDC","2025/02/20","Y","TRSTN.TRSTN4","2W2 CJR DMW FDK FRR GAI HEF HGR HWY JYO MRB OKV W50"
"2025/11/27","TRTLL","SIX","ZAU","2020/11/05","Y","TRTLL.TRTLL6","ORD"
"2025/11/27","OSPRI","SEVEN","ZJX","2020/11/05","Y","TRTLS.OSPRI7","CHS JZI"
"2025/11/27","TRUPS","FIVE","ZDC","2024/04/18","Y","TRUPS.TRUPS5","ADW DAA DCA"
"2025/11/27","TRYBE","FOUR","ZOB","2020/03/26","Y","TRYBE.TRYBE4","BKL CGF CLE LNN"
"2025/11/27","TSDEL","THREE","ZFW","2017/12/07","Y","TSDEL.TSDEL3","OKC"
"2025/11/27","WAYMN","ONE","ZFW","2014/07/24","Y","TSDEL.WAYMN1","OUN PWA TIK"
"2025/11/27","ALTTA","NINE","ZOA","2019/10/10","N","TTE.ALTTA9","FAT"
"2025/11/27","TTHOR","THREE","ZJX","2022/05/19","Y","TTHOR.TTHOR3","7FL6 DAB DED EVB LEE OMN ORL SFB X50"
"2025/11/27","TTYLR","FOUR","ZMA","2024/09/05","N","TTYLR.TTYLR4","06FA BCT F45 LNA PBI SUA"
"2025/11/27","TUDOR","TWO","ZOA","2012/02/09","N","TUDOR.TUDOR2","SMF"
"2025/11/27","TWOLF","FOUR","ZMP","2022/11/03","N","TWOLF.TWOLF4","ANE FCM LVN MIC OEO RNH STP"
"2025/11/27","MHOMS","THREE","ZKC","2023/08/10","Y","TYGER.MHOMS3","MCI"
"2025/11/27","TYGER","SEVEN","ZKC","2023/10/05","N","TYGER.TYGER7","FLV GPH IXD LXT MCI MKC OJC STJ"
"2025/11/27","TYNEE","FOUR","ZMA","2025/06/12","Y","TYNEE.TYNEE4","FMY RSW"
"2025/11/27","MARVELL","SIX","ZME","2016/11/10","N","UJM.UJM6","MEM"
"2025/11/27","BOWIE","EIGHT","ZFW","2024/07/11","N","UKW.UKW8","DFW"
"2025/11/27","HAARP","FOUR","ZNY","2023/11/30","N","VALRE.HAARP4","LGA"
"2025/11/27","VALRE","ONE","ZNY","2025/11/27","Y","VALRE.VALRE1","DXR HPN"
"2025/11/27","VANZE","THREE","ZME","2022/06/16","Y","VANZE.VANZE3","MEM"
"2025/11/27","VECKI","NINE","ZHN","2017/12/07","N","VECKI.VECKI9","KOA"
"2025/11/27","VEECK","FIVE","ZAU","2020/11/05","Y","VEECK.VEECK5","ORD"
"2025/11/27","VIICE","TWO","ZMA","2022/05/19","Y","VIICE.VIICE2","07FA HST MIA TMB X51"
"2025/11/27","VINTA","THREE","ZKC","2021/12/02","N","VINTA.VINTA3","RVS TUL"
"2025/11/27","VISTA","THREE","ZLA","2017/03/02","N","VISTA.VISTA3","LAX"
"2025/11/27","JOVEM","SIX","ZFW","2024/07/11","Y","VKTRY.JOVEM6","DFW"
"2025/11/27","VKTRY","TWO","ZFW","2016/05/26","Y","VKTRY.VKTRY2","DFW"
"2025/11/27","VUDOO","TWO","ZDC","2015/12/10","Y","VUDOO.VUDOO2","ADW"
"2025/11/27","VUUDU","ONE","ZMA","2022/05/19","Y","VUUDU.VUUDU1","06FA BCT F45 PBI SUA"
"2025/11/27","WAALK","TWO","ZNY","2021/10/07","Y","WAALK.WAALK2","BLM MJX N14 N87 NEL VAY WRI"
"2025/11/27","WINRZ","ONE","ZOA","2024/01/25","Y","WADOL.WINRZ1","RNO"
"2025/11/27","WAPPL","SEVEN","ZHU","2025/06/12","Y","WAPPL.WAPPL7","54T ARM AXH BYY EFD GLS HOU HPY IWS LBX LVJ SGR T00 T41 TME"
"2025/11/27","WATSN","FOUR","ZAU","2020/11/05","Y","WATSN.WATSN4","ORD"
"2025/11/27","WAYVE","ONE","ZLA","2016/11/10","Y","WAYVE.WAYVE1","LAX SMO"
"2025/11/27","WAZKO","ONE","ZAB","2014/04/03","Y","WAZKO.WAZKO1","ELP"
"2025/11/27","WEBGO","TWO","ZOA","2022/05/19","Y","WEBGO.WEBGO2","SUU"
"2025/11/27","WEESL","ONE","ZLA","2016/11/10","Y","WEESL.WEESL1","BUR VNY"
"2025/11/27","PIEGY","ONE","ZHU","2022/12/29","Y","WHAEL.PIEGY1","6R3 CXO DWH T78"
"2025/11/27","WHYTE","SEVEN","ZSE","2022/01/27","N","WHYTE.WHYTE7","TCM"
"2025/11/27","WILBR","ONE","ZFW","2025/11/27","N","WILBR.WILBR1","DFW"
"2025/11/27","WILDD","THREE","ZMP","2012/04/05","N","WILDD.WILDD3","MSP"
"2025/11/27","WIPOR","FOUR","ZBW","2025/08/07","Y","WIPOR.WIPOR4","EWB OQU PVD PYM SFZ TAN UUU"
"2025/11/27","FEWGA","SEVEN","ZOB","2021/06/17","Y","WISKE.FEWGA7","PIT"
"2025/11/27","WITTI","FIVE","ZAN","2024/10/31","Y","WITTI.WITTI5","ANC"
"2025/11/27","WLDER","ONE","ZME","2022/03/24","N","WLDER.WLDER1","MEM"
"2025/11/27","POTRR","TWO","ZHU","2022/07/14","Y","WLEEE.POTRR2","3R9 EDC GTU HYI RYW T74"
"2025/11/27","WLEEE","SEVEN","ZHU","2022/07/14","Y","WLEEE.WLEEE7","AUS"
"2025/11/27","WLKRR","ONE","ZLC","2024/10/31","Y","WLKRR.WLKRR1","OGD"
"2025/11/27","AANET","ONE","ZOA","2015/03/05","Y","WNDSR.AANET1","OAK"
"2025/11/27","WNDSR","TWO","ZOA","2015/10/15","Y","WNDSR.WNDSR2","OAK"
"2025/11/27","FERRL","TWO","ZOB","2019/10/10","Y","WNGNT.FERRL2","DTW"
"2025/11/27","WNGNT","TWO","ZOB","2019/10/10","Y","WNGNT.WNGNT2","DTW"
"2025/11/27","GILCO","FIVE","ZHU","2019/10/10","N","WOLDE.GILCO5","IAH"
"2025/11/27","WORXS","TWO","ZTL","2019/04/25","Y","WORXS.WORXS2","GMU GSP GYH SPA"
"2025/11/27","WRGNZ","THREE","ZTL","2020/07/16","Y","WRGNZ.WRGNZ3","CNI D73 FTY LZU MGE PDK PUJ RYY VPC"
"2025/11/27","WUTNG","THREE","ZKC","2023/08/10","Y","WUTNG.WUTNG3","MCI"
"2025/11/27","WYNDE","THREE","ZAU","2025/08/07","Y","WYNDE.WYNDE3","ORD"
"2025/11/27","YAKUTAT","THREE","ZAN","2013/08/22","N","YAK.YAK3","YAK"
"2025/11/27","YAWNY","ONE","ZLC","2025/04/17","Y","YAWNY.YAWNY1","SUN"
"2025/11/27","EESAT","FOUR","ZFW","2023/04/20","Y","YEAGR.EESAT4","ADS F46 HQZ TKI"
"2025/11/27","LOADS","FOUR","ZFW","2023/04/20","Y","YEAGR.LOADS4","ADS F46 HQZ TKI"
"2025/11/27","YEAGR","FOUR","ZFW","2020/05/21","N","YEAGR.YEAGR4","ADS DAL DFW F46 HQZ TKI"
"2025/11/27","YESKA","SIX","ZAN","2015/10/15","N","YESKA.YESKA6","ANC"
"2025/11/27","YLSTN","THREE","ZLC","2018/09/13","Y","YLSTN.YLSTN3","BIL"
"2025/11/27","YOSEM","THREE","ZOA","2015/04/30","Y","YOSEM.YOSEM3","SFO"
"2025/11/27","BASTS","ONE","ZFW","2014/07/24","Y","YUCKS.BASTS1","OUN PWA TIK"
"2025/11/27","YUCKS","THREE","ZFW","2017/12/07","Y","YUCKS.YUCKS3","OKC"
"2025/11/27","YUTES","ONE","ZLC","2025/02/20","Y","YUTES.YUTES1","SLC"
"2025/11/27","GESNR","TWO","ZHU","2025/06/12","Y","ZEEKK.GESNR2","IAH"
"2025/11/27","ZEEKK","THREE","ZHU","2025/06/12","Y","ZEEKK.ZEEKK3","IAH"
"2025/11/27","ZELKA","TWO","ZBW","2017/12/07","Y","ZELKA.ZELKA2","BED BVY LWM"
"2025/11/27","ZIGGY","EIGHT","ZLA","2024/07/11","N","ZIGGY.ZIGGY8","AJO CNO EMT ONT POC RAL SBD"
"2025/11/27","ZOMBZ","SIX","ZDV","2025/04/17","Y","ZOMBZ.ZOMBZ6","APA CFO"
"2025/11/27","ZONNA","TWO","ZAB","2023/11/30","Y","ZONNA.ZONNA2","TUS"
"2025/11/27","ZOOMR","TWO","ZSE","2023/06/15","N","ZOOMR.ZOOMR2","GEG SFF SKA"
"2025/11/27","ZUUMA","FOUR","ZLA","2024/12/26","Y","ZUUMA.ZUUMA4","LAX SMO"
"2025/11/27","ZZIPS","ONE","ZOB","2018/05/24","Y","ZZIPS.ZZIPS1","1G3 AKR CAK"
